Year,Election Date,Election Type,Votes Cast,Electoral District,Number of Candidates,Registered Voters,Voter Turnout,Rejected Ballots,Unmarked Ballots,Declined Ballots,Valid Ballots
2022,2022-06-02,General Election,37687,Ajax,8,94835,37896,120,74,15,37687
2022,2022-06-02,General Election,24499,Algoma—Manitoulin,6,58076,24663,116,39,9,24499
2022,2022-06-02,General Election,32559,Aurora—Oak Ridges—Richmond Hill,7,85709,32735,108,54,14,32559
2022,2022-06-02,General Election,36272,Barrie—Innisfil,8,92137,36500,105,70,53,36272
2022,2022-06-02,General Election,39500,Barrie—Springwater—Oro-Medonte,6,84950,39710,118,65,27,39500
2022,2022-06-02,General Election,43366,Bay of Quinte,6,94852,43545,80,60,39,43366
2022,2022-06-02,General Election,40648,Beaches—East York,9,82279,40791,71,39,33,40648
2022,2022-06-02,General Election,24463,Brampton Centre,5,67093,24602,75,47,17,24463
2022,2022-06-02,General Election,29036,Brampton East,6,80463,29249,73,79,61,29036
2022,2022-06-02,General Election,30025,Brampton North,6,78586,30228,81,106,16,30025
2022,2022-06-02,General Election,28602,Brampton South,6,80195,28714,47,46,19,28602
2022,2022-06-02,General Election,30836,Brampton West,6,90617,30983,40,84,23,30836
2022,2022-06-02,General Election,46953,Brantford—Brant,9,112204,47187,128,72,34,46953
2022,2022-06-02,General Election,41811,Bruce—Grey—Owen Sound,9,89703,42180,129,146,94,41811
2022,2022-06-02,General Election,52520,Burlington,6,102249,52789,131,94,44,52520
2022,2022-06-02,General Election,39401,Cambridge,5,91608,39591,84,60,46,39401
2022,2022-06-02,General Election,46306,Carleton,7,95232,46463,61,50,46,46306
2022,2022-06-02,General Election,36870,Chatham-Kent—Leamington,5,86769,38934,1791,150,123,36870
2022,2022-06-02,General Election,35473,Davenport,10,82547,35745,143,109,20,35473
2022,2022-06-02,General Election,28076,Don Valley East,10,66841,28323,87,138,22,28076
2022,2022-06-02,General Election,31728,Don Valley North,5,78300,31913,76,97,12,31728
2022,2022-06-02,General Election,36760,Don Valley West,9,74921,36978,118,80,20,36760
2022,2022-06-02,General Election,46127,Dufferin—Caledon,8,110230,46373,111,88,47,46127
2022,2022-06-02,General Election,49320,Durham,7,113389,49562,122,67,53,49320
2022,2022-06-02,General Election,39258,Eglinton—Lawrence,10,84513,39485,115,90,22,39258
2022,2022-06-02,General Election,43791,Elgin—Middlesex—London,8,98326,44027,102,93,41,43791
2022,2022-06-02,General Election,48780,Essex,7,103848,49025,130,83,32,48780
2022,2022-06-02,General Election,45351,Etobicoke Centre,8,94024,45645,120,130,44,45351
2022,2022-06-02,General Election,47966,Etobicoke—Lakeshore,7,106499,48221,108,91,56,47966
2022,2022-06-02,General Election,25103,Etobicoke North,7,74449,25301,97,91,10,25103
2022,2022-06-02,General Election,43951,Flamborough—Glanbrook,7,94203,44193,121,61,60,43951
2022,2022-06-02,General Election,44382,Glengarry—Prescott—Russell,6,98155,44724,242,83,17,44382
2022,2022-06-02,General Election,54638,Guelph,7,111147,54898,127,83,50,54638
2022,2022-06-02,General Election,45427,Haldimand—Norfolk,9,93450,45679,126,76,50,45427
2022,2022-06-02,General Election,48926,Haliburton—Kawartha Lakes—Brock,7,102400,49292,151,156,59,48926
2022,2022-06-02,General Election,29147,Hamilton Centre,8,77599,29438,92,156,43,29147
2022,2022-06-02,General Election,35166,Hamilton East—Stoney Creek,8,86964,35615,166,216,67,35166
2022,2022-06-02,General Election,34034,Hamilton Mountain,6,82518,34234,67,92,41,34034
2022,2022-06-02,General Election,45017,Hamilton West—Ancaster—Dundas,6,93526,45310,141,99,53,45017
2022,2022-06-02,General Election,38184,Hastings—Lennox and Addington,6,81418,38362,95,52,31,38184
2022,2022-06-02,General Election,23078,Humber River—Black Creek,7,70632,23415,139,181,17,23078
2022,2022-06-02,General Election,46892,Huron—Bruce,8,87090,47169,129,74,74,46892
2022,2022-06-02,General Election,45569,Kanata—Carleton,6,88936,45695,45,55,26,45569
2022,2022-06-02,General Election,16059,Kenora—Rainy River,8,40525,16294,51,164,20,16059
2022,2022-06-02,General Election,40897,King—Vaughan,7,103344,41125,118,93,17,40897
2022,2022-06-02,General Election,48749,Kingston and the Islands,9,104601,48998,108,106,35,48749
2022,2022-06-02,General Election,38902,Kitchener Centre,5,84747,39164,109,99,54,38902
2022,2022-06-02,General Election,37589,Kitchener—Conestoga,7,77379,37823,91,57,86,37589
2022,2022-06-02,General Election,34496,Kitchener South—Hespeler,6,82450,34762,121,99,46,34496
2022,2022-06-02,General Election,42399,Lambton—Kent—Middlesex,7,90221,42652,119,87,47,42399
2022,2022-06-02,General Election,44185,Lanark—Frontenac—Kingston,8,88832,44438,123,98,32,44185
2022,2022-06-02,General Election,42744,Leeds—Grenville—Thousand Islands and Rideau Lakes,9,87378,42971,138,53,36,42744
2022,2022-06-02,General Election,34260,London—Fanshawe,9,94342,34488,113,87,28,34260
2022,2022-06-02,General Election,43085,London North Centre,8,102767,43295,125,66,19,43085
2022,2022-06-02,General Election,49882,London West,9,103127,50139,149,61,47,49882
2022,2022-06-02,General Election,43723,Markham—Stouffville,6,98749,43952,112,89,28,43723
2022,2022-06-02,General Election,28699,Markham—Thornhill,6,72633,28820,57,52,12,28699
2022,2022-06-02,General Election,35422,Markham—Unionville,6,91097,35638,64,138,14,35422
2022,2022-06-02,General Election,38927,Milton,6,91696,39158,98,123,10,38927
2022,2022-06-02,General Election,33758,Mississauga Centre,9,89218,34029,162,96,13,33758
2022,2022-06-02,General Election,33828,Mississauga East—Cooksville,7,86019,34050,120,75,27,33828
2022,2022-06-02,General Election,37235,Mississauga—Erin Mills,6,89926,37497,138,100,24,37235
2022,2022-06-02,General Election,42890,Mississauga—Lakeshore,7,91778,43087,85,71,41,42890
2022,2022-06-02,General Election,29023,Mississauga—Malton,5,80059,29233,83,110,17,29023
2022,2022-06-02,General Election,37989,Mississauga—Streetsville,8,89334,38119,53,60,17,37989
2022,2022-06-02,General Election,43617,Nepean,6,95599,43866,118,89,42,43617
2022,2022-06-02,General Election,41523,Newmarket—Aurora,7,93983,41743,85,98,37,41523
2022,2022-06-02,General Election,41208,Niagara Centre,6,95459,41402,85,67,42,41208
2022,2022-06-02,General Election,50344,Niagara Falls,7,116171,50653,161,97,51,50344
2022,2022-06-02,General Election,41796,Niagara West,8,79089,42047,107,98,46,41796
2022,2022-06-02,General Election,30747,Nickel Belt,6,67858,30884,74,45,18,30747
2022,2022-06-02,General Election,30659,Nipissing,8,63993,30900,123,106,12,30659
2022,2022-06-02,General Election,51871,Northumberland—Peterborough South,6,100788,52129,158,57,43,51871
2022,2022-06-02,General Election,46569,Oakville,9,93268,46903,166,130,38,46569
2022,2022-06-02,General Election,47095,Oakville North—Burlington,6,101071,47389,139,122,33,47095
2022,2022-06-02,General Election,51839,Orléans,7,111660,52024,98,63,24,51839
2022,2022-06-02,General Election,40809,Oshawa,6,103853,41004,85,65,45,40809
2022,2022-06-02,General Election,55781,Ottawa Centre,10,110463,56047,116,113,37,55781
2022,2022-06-02,General Election,40500,Ottawa South,8,95991,40779,100,149,30,40500
2022,2022-06-02,General Election,38673,Ottawa—Vanier,9,98774,38936,134,89,40,38673
2022,2022-06-02,General Election,41814,Ottawa West—Nepean,5,89436,42415,499,81,21,41814
2022,2022-06-02,General Election,44321,Oxford,6,95927,44561,102,74,64,44321
2022,2022-06-02,General Election,42664,Parkdale—High Park,8,85352,42892,112,81,35,42664
2022,2022-06-02,General Election,44558,Parry Sound—Muskoka,7,84280,44745,73,73,41,44558
2022,2022-06-02,General Election,41597,Perth—Wellington,7,83497,41826,90,78,61,41597
2022,2022-06-02,General Election,52373,Peterborough—Kawartha,6,102163,52579,88,65,53,52373
2022,2022-06-02,General Election,43232,Pickering—Uxbridge,8,96164,43553,221,75,25,43232
2022,2022-06-02,General Election,40188,Renfrew—Nipissing—Pembroke,7,87343,40427,112,87,40,40188
2022,2022-06-02,General Election,30796,Richmond Hill,7,85825,31018,92,107,23,30796
2022,2022-06-02,General Election,43136,St. Catharines,9,92924,43360,140,55,29,43136
2022,2022-06-02,General Election,40181,Sarnia—Lambton,7,86735,40496,125,115,75,40181
2022,2022-06-02,General Election,26884,Sault Ste. Marie,6,60748,27027,74,51,18,26884
2022,2022-06-02,General Election,28636,Scarborough—Agincourt,6,73032,28795,73,75,11,28636
2022,2022-06-02,General Election,31869,Scarborough Centre,10,77858,32120,120,110,21,31869
2022,2022-06-02,General Election,28949,Scarborough—Guildwood,7,70153,29205,121,106,29,28949
2022,2022-06-02,General Election,26177,Scarborough North,7,67032,26318,60,75,6,26177
2022,2022-06-02,General Election,35312,Scarborough—Rouge Park,7,78567,35447,51,70,14,35312
2022,2022-06-02,General Election,35326,Scarborough Southwest,8,80222,35573,94,131,22,35326
2022,2022-06-02,General Election,52886,Simcoe—Grey,7,122113,53141,95,108,52,52886
2022,2022-06-02,General Election,46265,Simcoe North,7,100537,46493,113,57,58,46265
2022,2022-06-02,General Election,33857,Spadina—Fort York,6,99220,34087,130,71,29,33857
2022,2022-06-02,General Election,36114,Stormont—Dundas—South Glengarry,6,87263,36328,124,67,23,36114
2022,2022-06-02,General Election,29410,Sudbury,8,66394,29613,124,50,29,29410
2022,2022-06-02,General Election,34522,Thornhill,11,87313,34820,159,115,24,34522
2022,2022-06-02,General Election,26598,Thunder Bay—Atikokan,7,62107,26761,77,49,37,26598
2022,2022-06-02,General Election,24634,Thunder Bay—Superior North,8,57352,24799,78,63,24,24634
2022,2022-06-02,General Election,22779,Timiskaming—Cochrane,8,53830,22936,105,29,23,22779
2022,2022-06-02,General Election,14437,Timmins,5,33386,14535,66,26,6,14437
2022,2022-06-02,General Election,34921,Toronto Centre,8,88268,35145,105,105,14,34921
2022,2022-06-02,General Election,41324,Toronto—Danforth,8,84085,41568,139,70,35,41324
2022,2022-06-02,General Election,42179,Toronto—St. Paul's,8,88424,42507,230,79,19,42179
2022,2022-06-02,General Election,37181,University—Rosedale,6,86500,37370,94,77,18,37181
2022,2022-06-02,General Election,35958,Vaughan—Woodbridge,8,82215,36200,122,109,11,35958
2022,2022-06-02,General Election,44922,Waterloo,8,93235,45138,96,52,68,44922
2022,2022-06-02,General Election,49493,Wellington—Halton Hills,6,102911,49787,120,130,44,49493
2022,2022-06-02,General Election,46104,Whitby,8,103309,46366,148,91,23,46104
2022,2022-06-02,General Election,31583,Willowdale,11,79942,31845,99,116,47,31583
2022,2022-06-02,General Election,38551,Windsor—Tecumseh,10,95488,38779,126,62,40,38551
2022,2022-06-02,General Election,31752,Windsor West,6,95295,32039,131,141,15,31752
2022,2022-06-02,General Election,28128,York Centre,9,73101,28467,171,85,83,28128
2022,2022-06-02,General Election,36628,York—Simcoe,8,94324,36791,76,68,19,36628
2022,2022-06-02,General Election,30432,York South—Weston,7,80567,30703,162,90,19,30432
2022,2022-06-02,General Election,4763,Kiiwetinoong,5,15782,4798,13,13,9,4763
2022,2022-06-02,General Election,7255,Mushkegowuk—James Bay,6,18483,7283,23,5,0,7255
2020,2020-02-27,By-Election,25502,Orléans,8,110811,25581,42,29,8,25502
2020,2020-02-27,By-Election,19923,Ottawa—Vanier,8,100716,20033,46,54,10,19923
2018,2018-06-07,General Election,48860,Ajax,7,90206,49281,99,152,170,48860
2018,2018-06-07,General Election,29211,Algoma—Manitoulin,6,55544,29481,114,65,91,29211
2018,2018-06-07,General Election,44998,Aurora—Oak Ridges—Richmond Hill,9,81979,45444,105,209,132,44998
2018,2018-06-07,General Election,44272,Barrie—Innisfil,8,82557,44806,121,143,270,44272
2018,2018-06-07,General Election,45689,Barrie—Springwater—Oro-Medonte,8,80951,46186,68,140,289,45689
2018,2018-06-07,General Election,50442,Bay of Quinte,7,90324,50996,116,151,287,50442
2018,2018-06-07,General Election,49914,Beaches—East York,11,82386,50384,128,193,149,49914
2018,2018-06-07,General Election,33598,Brampton Centre,7,67432,33949,112,150,89,33598
2018,2018-06-07,General Election,38495,Brampton East,6,75002,38751,106,124,26,38495
2018,2018-06-07,General Election,39624,Brampton North,5,77609,40031,85,204,118,39624
2018,2018-06-07,General Election,38169,Brampton South,7,77279,38598,100,201,128,38169
2018,2018-06-07,General Election,37961,Brampton West,6,80196,38229,99,112,57,37961
2018,2018-06-07,General Election,58188,Brantford—Brant,9,102861,58805,155,203,259,58188
2018,2018-06-07,General Election,49128,Bruce—Grey—Owen Sound,8,85044,49655,140,190,197,49128
2018,2018-06-07,General Election,63055,Burlington,7,100455,63737,155,251,276,63055
2018,2018-06-07,General Election,48131,Cambridge,5,88380,48762,123,185,323,48131
2018,2018-06-07,General Election,50258,Carleton,9,81901,50779,128,217,176,50258
2018,2018-06-07,General Election,46373,Chatham-Kent—Leamington,5,82799,47020,176,238,233,46373
2018,2018-06-07,General Election,45819,Davenport,9,82924,46289,159,228,83,45819
2018,2018-06-07,General Election,36217,Don Valley East,6,66192,36554,107,159,71,36217
2018,2018-06-07,General Election,40607,Don Valley North,6,76211,41010,135,166,102,40607
2018,2018-06-07,General Election,45777,Don Valley West,6,75391,46192,78,170,167,45777
2018,2018-06-07,General Election,55956,Dufferin—Caledon,7,99913,56518,128,256,178,55956
2018,2018-06-07,General Election,60807,Durham,5,102471,61416,93,175,341,60807
2018,2018-06-07,General Election,49527,Eglinton—Lawrence,6,83202,50011,168,167,149,49527
2018,2018-06-07,General Election,52767,Elgin—Middlesex—London,7,89636,53291,113,160,251,52767
2018,2018-06-07,General Election,54503,Essex,4,97773,54866,80,147,136,54503
2018,2018-06-07,General Election,56825,Etobicoke Centre,7,92715,57398,230,195,148,56825
2018,2018-06-07,General Election,58993,Etobicoke—Lakeshore,6,101606,59547,140,215,199,58993
2018,2018-06-07,General Election,36306,Etobicoke North,5,72580,36713,155,208,44,36306
2018,2018-06-07,General Election,51588,Flamborough—Glanbrook,7,86027,52119,113,205,213,51588
2018,2018-06-07,General Election,48690,Glengarry—Prescott—Russell,6,89035,49341,329,252,70,48690
2018,2018-06-07,General Election,64577,Guelph,8,106481,65082,139,170,196,64577
2018,2018-06-07,General Election,50593,Haldimand—Norfolk,9,86342,51117,86,170,268,50593
2018,2018-06-07,General Election,57143,Haliburton—Kawartha Lakes—Brock,7,96832,57769,133,216,277,57143
2018,2018-06-07,General Election,36575,Hamilton Centre,8,75672,37011,98,181,157,36575
2018,2018-06-07,General Election,44020,Hamilton East—Stoney Creek,7,84088,44617,172,280,145,44020
2018,2018-06-07,General Election,44717,Hamilton Mountain,6,80578,45255,130,230,178,44717
2018,2018-06-07,General Election,55390,Hamilton West—Ancaster—Dundas,7,89782,55895,112,221,172,55390
2018,2018-06-07,General Election,44521,Hastings—Lennox and Addington,6,76108,44982,163,136,162,44521
2018,2018-06-07,General Election,30929,Humber River—Black Creek,7,66289,31326,192,180,25,30929
2018,2018-06-07,General Election,52802,Huron—Bruce,6,84157,53448,122,240,284,52802
2018,2018-06-07,General Election,53453,Kanata—Carleton,7,86449,53871,86,164,168,53453
2018,2018-06-07,General Election,20071,Kenora—Rainy River,4,37442,20264,66,23,104,20071
2018,2018-06-07,General Election,51461,King—Vaughan,7,93503,51915,146,225,83,51461
2018,2018-06-07,General Election,55644,Kingston and the Islands,6,98020,56154,107,202,201,55644
2018,2018-06-07,General Election,47280,Kitchener Centre,7,82445,48037,122,197,438,47280
2018,2018-06-07,General Election,42974,Kitchener—Conestoga,6,73095,43805,119,141,571,42974
2018,2018-06-07,General Election,42483,Kitchener South—Hespeler,6,77296,43144,102,127,432,42483
2018,2018-06-07,General Election,50424,Lambton—Kent—Middlesex,6,83993,51046,146,269,207,50424
2018,2018-06-07,General Election,50343,Lanark—Frontenac—Kingston,6,81925,50816,151,149,173,50343
2018,2018-06-07,General Election,48969,Leeds—Grenville—Thousand Islands and Rideau Lakes,5,82511,49685,166,146,404,48969
2018,2018-06-07,General Election,45391,London—Fanshawe,7,92428,45894,96,193,214,45391
2018,2018-06-07,General Election,54113,London North Centre,7,99488,54668,137,169,249,54113
2018,2018-06-07,General Election,58996,London West,8,98749,59801,116,228,461,58996
2018,2018-06-07,General Election,53846,Markham—Stouffville,6,92442,54405,148,211,200,53846
2018,2018-06-07,General Election,37548,Markham—Thornhill,6,72583,37894,91,174,81,37548
2018,2018-06-07,General Election,46940,Markham—Unionville,6,86671,47445,97,279,129,46940
2018,2018-06-07,General Election,43789,Milton,6,78764,44192,65,175,163,43789
2018,2018-06-07,General Election,43710,Mississauga Centre,7,88762,44196,207,196,83,43710
2018,2018-06-07,General Election,43405,Mississauga East—Cooksville,7,85190,43852,160,183,104,43405
2018,2018-06-07,General Election,47178,Mississauga—Erin Mills,7,86321,47587,147,181,81,47178
2018,2018-06-07,General Election,53199,Mississauga—Lakeshore,7,90469,53673,126,208,140,53199
2018,2018-06-07,General Election,37611,Mississauga—Malton,7,78394,37923,123,142,47,37611
2018,2018-06-07,General Election,47964,Mississauga—Streetsville,6,87225,48432,97,182,189,47964
2018,2018-06-07,General Election,52957,Nepean,7,90987,53438,103,173,205,52957
2018,2018-06-07,General Election,52013,Newmarket—Aurora,9,89076,52531,166,165,187,52013
2018,2018-06-07,General Election,48874,Niagara Centre,8,88287,49554,186,267,227,48874
2018,2018-06-07,General Election,59381,Niagara Falls,6,110035,60032,157,250,244,59381
2018,2018-06-07,General Election,46190,Niagara West,6,73913,46769,82,168,329,46190
2018,2018-06-07,General Election,36467,Nickel Belt,8,66479,36842,125,145,105,36467
2018,2018-06-07,General Election,35243,Nipissing,6,61299,35703,120,206,134,35243
2018,2018-06-07,General Election,60423,Northumberland—Peterborough South,7,94504,61088,123,211,331,60423
2018,2018-06-07,General Election,56871,Oakville,5,92502,57781,81,647,182,56871
2018,2018-06-07,General Election,55351,Oakville North—Burlington,6,92512,55693,74,175,93,55351
2018,2018-06-07,General Election,63950,Orléans,6,102821,64539,155,229,205,63950
2018,2018-06-07,General Election,54143,Oshawa,6,100254,54719,125,220,231,54143
2018,2018-06-07,General Election,64403,Ottawa Centre,8,106208,65004,151,223,227,64403
2018,2018-06-07,General Election,52416,Ottawa South,6,93167,53027,164,282,165,52416
2018,2018-06-07,General Election,47958,Ottawa—Vanier,7,94298,48539,179,231,171,47958
2018,2018-06-07,General Election,50545,Ottawa West—Nepean,6,89575,51097,123,241,188,50545
2018,2018-06-07,General Election,52311,Oxford,8,89597,53082,160,280,331,52311
2018,2018-06-07,General Election,54549,Parkdale—High Park,6,88131,55023,105,174,195,54549
2018,2018-06-07,General Election,47143,Parry Sound—Muskoka,7,80180,47479,93,119,124,47143
2018,2018-06-07,General Election,46843,Perth—Wellington,8,78738,47516,109,172,392,46843
2018,2018-06-07,General Election,60790,Peterborough—Kawartha,6,98070,61534,177,251,316,60790
2018,2018-06-07,General Election,53193,Pickering—Uxbridge,9,91154,53687,98,185,211,53193
2018,2018-06-07,General Election,48199,Renfrew—Nipissing—Pembroke,6,81550,48716,128,164,225,48199
2018,2018-06-07,General Election,43371,Richmond Hill,5,83967,43815,81,211,152,43371
2018,2018-06-07,General Election,51650,St. Catharines,8,89924,52206,137,202,217,51650
2018,2018-06-07,General Election,50830,Sarnia—Lambton,7,84296,51327,111,167,219,50830
2018,2018-06-07,General Election,32117,Sault Ste. Marie,6,59545,32446,122,113,94,32117
2018,2018-06-07,General Election,36871,Scarborough—Agincourt,9,72558,37256,106,202,77,36871
2018,2018-06-07,General Election,39704,Scarborough Centre,6,75493,40151,187,191,69,39704
2018,2018-06-07,General Election,35905,Scarborough—Guildwood,9,68662,36342,204,137,96,35905
2018,2018-06-07,General Election,34113,Scarborough North,5,67775,34401,71,162,55,34113
2018,2018-06-07,General Election,42015,Scarborough—Rouge Park,6,76313,42387,147,141,84,42015
2018,2018-06-07,General Election,43443,Scarborough Southwest,8,78329,43894,161,192,98,43443
2018,2018-06-07,General Election,60963,Simcoe—Grey,5,108156,61738,110,262,403,60963
2018,2018-06-07,General Election,53789,Simcoe North,5,92450,54435,119,208,319,53789
2018,2018-06-07,General Election,49731,Spadina—Fort York,7,93622,50146,142,132,141,49731
2018,2018-06-07,General Election,43538,Stormont—Dundas—South Glengarry,5,81342,44009,151,141,179,43538
2018,2018-06-07,General Election,36167,Sudbury,8,67410,36549,151,132,99,36167
2018,2018-06-07,General Election,47259,Thornhill,7,84979,47724,146,175,144,47259
2018,2018-06-07,General Election,32525,Thunder Bay—Atikokan,6,59996,32842,97,121,99,32525
2018,2018-06-07,General Election,30035,Thunder Bay—Superior North,7,56277,30299,103,90,71,30035
2018,2018-06-07,General Election,27461,Timiskaming—Cochrane,6,52322,27775,109,121,84,27461
2018,2018-06-07,General Election,15633,Timmins,6,32867,15814,54,51,76,15633
2018,2018-06-07,General Election,44148,Toronto Centre,10,82044,44552,160,100,144,44148
2018,2018-06-07,General Election,51269,Toronto—Danforth,8,84072,51772,138,156,209,51269
2018,2018-06-07,General Election,52402,Toronto—St. Paul's,6,87216,52949,117,222,208,52402
2018,2018-06-07,General Election,49412,University—Rosedale,9,88097,49892,121,190,169,49412
2018,2018-06-07,General Election,42946,Vaughan—Woodbridge,5,77426,43324,124,192,62,42946
2018,2018-06-07,General Election,54044,Waterloo,5,88580,54739,95,158,442,54044
2018,2018-06-07,General Election,58624,Wellington—Halton Hills,5,96887,59210,96,196,294,58624
2018,2018-06-07,General Election,57796,Whitby,6,96879,58442,123,241,282,57796
2018,2018-06-07,General Election,40646,Willowdale,6,81313,41079,165,141,127,40646
2018,2018-06-07,General Election,43183,Windsor—Tecumseh,5,91269,43651,99,199,170,43183
2018,2018-06-07,General Election,38899,Windsor West,5,90698,39275,110,129,137,38899
2018,2018-06-07,General Election,36761,York Centre,7,70520,37317,242,195,119,36761
2018,2018-06-07,General Election,45491,York—Simcoe,6,83837,46044,114,209,230,45491
2018,2018-06-07,General Election,37298,York South—Weston,5,76772,37747,194,190,65,37298
2018,2018-06-07,General Election,6477,Kiiwetinoong,5,14326,6561,56,10,18,6477
2018,2018-06-07,General Election,9324,Mushkegowuk—James Bay,7,17435,9423,59,34,6,9324
2017,2017-06-01,By-Election,25754,Sault Ste. Marie,7,58944,25854,73,19,8,25754
2016,2016-02-11,By-Election,32226,Whitby—Oshawa,10,112055,32289,17,18,28,32226
2016,2016-09-01,By-Election,25113,Scarborough—Rouge River,11,90118,25243,84,30,16,25113
2016,2016-11-17,By-Election,32718,Niagara West—Glanbrook,9,102076,32900,93,35,54,32718
2016,2016-11-17,By-Election,30454,Ottawa—Vanier,11,81902,30607,105,31,17,30454
2015,2015-02-05,By-Election,25795,Sudbury,10,65356,25938,80,30,33,25795
2015,2015-09-03,By-Election,39301,Simcoe North,8,97048,39471,97,25,48,39301
2014,2014-02-13,By-Election,36901,Niagara Falls,8,99024,37225,228,74,22,36901
2014,2014-02-13,By-Election,28058,Thornhill,8,103021,28184,78,43,5,28058
2014,2014-06-12,General Election,51420,Ajax—Pickering,5,103629,52000,230,114,236,51420
2014,2014-06-12,General Election,26533,Algoma—Manitoulin,5,54395,26860,166,54,107,26533
2014,2014-06-12,General Election,53959,Ancaster—Dundas—Flamborough—Westdale,6,92833,54794,219,86,530,53959
2014,2014-06-12,General Election,48942,Barrie,5,101169,49753,211,89,511,48942
2014,2014-06-12,General Election,42948,Beaches—East York,6,77381,43442,199,101,194,42948
2014,2014-06-12,General Election,53072,Bramalea—Gore—Malton,4,119534,53825,406,184,163,53072
2014,2014-06-12,General Election,42250,Brampton—Springdale,5,94424,42816,233,132,201,42250
2014,2014-06-12,General Election,54902,Brampton West,7,131434,55854,502,215,235,54902
2014,2014-06-12,General Election,51544,Brant,7,99564,52284,229,130,381,51544
2014,2014-06-12,General Election,42816,Bruce—Grey—Owen Sound,6,80646,43496,184,118,378,42816
2014,2014-06-12,General Election,54309,Burlington,6,95504,55131,227,111,484,54309
2014,2014-06-12,General Election,48201,Cambridge,5,100130,49015,218,118,478,48201
2014,2014-06-12,General Election,64420,Carleton—Mississippi Mills,4,116047,65084,205,100,359,64420
2014,2014-06-12,General Election,37490,Chatham—Kent—Essex,5,74559,38269,209,132,438,37490
2014,2014-06-12,General Election,35674,Davenport,8,72851,36107,183,99,151,35674
2014,2014-06-12,General Election,34548,Don Valley East,5,73070,34963,150,94,171,34548
2014,2014-06-12,General Election,45980,Don Valley West,9,86092,46400,147,112,161,45980
2014,2014-06-12,General Election,45203,Dufferin—Caledon,5,89024,45830,201,113,313,45203
2014,2014-06-12,General Election,54366,Durham,5,99404,55376,237,170,603,54366
2014,2014-06-12,General Election,41706,Eglinton—Lawrence,6,77946,42080,160,83,131,41706
2014,2014-06-12,General Election,45183,Elgin—Middlesex—London,5,84970,45865,145,126,411,45183
2014,2014-06-12,General Election,46600,Essex,4,94008,47192,165,132,295,46600
2014,2014-06-12,General Election,47432,Etobicoke Centre,8,85192,48112,271,92,317,47432
2014,2014-06-12,General Election,51193,Etobicoke—Lakeshore,8,96304,51741,215,101,232,51193
2014,2014-06-12,General Election,27098,Etobicoke North,6,64284,27458,179,98,83,27098
2014,2014-06-12,General Election,47375,Glengarry—Prescott—Russell,7,89741,47884,359,71,79,47375
2014,2014-06-12,General Election,53025,Guelph,6,96599,53587,194,90,278,53025
2014,2014-06-12,General Election,42254,Haldimand—Norfolk,4,80907,43668,687,123,604,42254
2014,2014-06-12,General Election,52839,Haliburton—Kawartha Lakes—Brock,4,96029,53758,266,156,497,52839
2014,2014-06-12,General Election,75299,Halton,6,149633,76162,282,165,416,75299
2014,2014-06-12,General Election,35950,Hamilton Centre,6,82062,36728,170,114,494,35950
2014,2014-06-12,General Election,42637,Hamilton East—Stoney Creek,6,88782,43363,236,117,373,42637
2014,2014-06-12,General Election,49055,Hamilton Mountain,6,94360,49865,248,131,431,49055
2014,2014-06-12,General Election,47457,Huron—Bruce,7,80428,48222,197,141,427,47457
2014,2014-06-12,General Election,23157,Kenora—Rainy River,4,49912,23318,78,37,46,23157
2014,2014-06-12,General Election,50109,Kingston and the Islands,5,97188,50672,160,160,243,50109
2014,2014-06-12,General Election,42816,Kitchener Centre,5,83170,43481,193,111,361,42816
2014,2014-06-12,General Election,46983,Kitchener—Conestoga,5,94886,47757,199,108,467,46983
2014,2014-06-12,General Election,54860,Kitchener—Waterloo,5,100972,55483,169,86,368,54860
2014,2014-06-12,General Election,45847,Lambton—Kent—Middlesex,8,81678,46500,190,145,318,45847
2014,2014-06-12,General Election,50470,Lanark—Frontenac—Lennox and Addington,4,94674,51076,185,114,307,50470
2014,2014-06-12,General Election,41472,Leeds—Grenville,5,79415,41979,191,84,232,41472
2014,2014-06-12,General Election,35508,London—Fanshawe,7,77524,35986,151,79,248,35508
2014,2014-06-12,General Election,45517,London North Centre,7,91997,46196,185,112,382,45517
2014,2014-06-12,General Election,55106,London West,5,99472,55739,164,96,373,55106
2014,2014-06-12,General Election,41916,Markham—Unionville,5,95367,42479,204,193,166,41916
2014,2014-06-12,General Election,41323,Mississauga—Brampton South,7,101010,41896,306,117,150,41323
2014,2014-06-12,General Election,40001,Mississauga East—Cooksville,6,92402,40558,260,142,155,40001
2014,2014-06-12,General Election,51764,Mississauga—Erindale,7,111690,52378,228,165,221,51764
2014,2014-06-12,General Election,43719,Mississauga South,6,82480,44169,159,74,217,43719
2014,2014-06-12,General Election,42964,Mississauga—Streetsville,6,92937,43456,213,96,183,42964
2014,2014-06-12,General Election,66073,Nepean—Carleton,5,120669,66839,279,112,375,66073
2014,2014-06-12,General Election,52333,Newmarket—Aurora,7,99407,53088,242,116,397,52333
2014,2014-06-12,General Election,50923,Niagara Falls,6,100698,51563,270,128,242,50923
2014,2014-06-12,General Election,55902,Niagara West—Glanbrook,6,97201,56954,282,132,638,55902
2014,2014-06-12,General Election,32107,Nickel Belt,4,64910,32452,146,61,138,32107
2014,2014-06-12,General Election,31297,Nipissing,6,60422,31713,156,62,198,31297
2014,2014-06-12,General Election,54496,Northumberland—Quinte West,4,98945,55226,221,115,394,54496
2014,2014-06-12,General Election,80755,Oak Ridges—Markham,6,177255,81911,416,299,441,80755
2014,2014-06-12,General Election,50037,Oakville,6,90006,50516,169,79,231,50037
2014,2014-06-12,General Election,47608,Oshawa,4,96154,48258,165,132,353,47608
2014,2014-06-12,General Election,53232,Ottawa Centre,6,94777,53878,251,92,303,53232
2014,2014-06-12,General Election,55905,Ottawa—Orléans,5,95258,56520,272,113,230,55905
2014,2014-06-12,General Election,47450,Ottawa South,7,89150,47882,206,70,156,47450
2014,2014-06-12,General Election,39261,Ottawa—Vanier,5,81412,39778,222,87,208,39261
2014,2014-06-12,General Election,46907,Ottawa West—Nepean,5,85125,47626,237,86,396,46907
2014,2014-06-12,General Election,41001,Oxford,6,80398,41744,162,136,445,41001
2014,2014-06-12,General Election,45093,Parkdale—High Park,7,80122,45576,161,101,221,45093
2014,2014-06-12,General Election,38698,Parry Sound—Muskoka,5,75153,39165,147,55,265,38698
2014,2014-06-12,General Election,41048,Perth—Wellington,8,74914,41698,193,131,326,41048
2014,2014-06-12,General Election,53331,Peterborough,8,94167,53953,145,133,344,53331
2014,2014-06-12,General Election,44662,Pickering—Scarborough East,6,82518,45198,227,101,208,44662
2014,2014-06-12,General Election,46218,Prince Edward—Hastings,5,90761,46838,224,122,274,46218
2014,2014-06-12,General Election,41334,Renfrew—Nipissing—Pembroke,6,76956,41804,126,100,244,41334
2014,2014-06-12,General Election,42808,Richmond Hill,6,94977,43393,219,157,209,42808
2014,2014-06-12,General Election,46514,St. Catharines,7,86198,47239,220,132,373,46514
2014,2014-06-12,General Election,50261,St. Paul's,6,88905,50772,174,77,260,50261
2014,2014-06-12,General Election,45650,Sarnia—Lambton,5,80669,46264,194,138,282,45650
2014,2014-06-12,General Election,29884,Sault Ste. Marie,5,59385,30150,149,46,71,29884
2014,2014-06-12,General Election,34772,Scarborough—Agincourt,5,76549,35242,168,146,156,34772
2014,2014-06-12,General Election,35220,Scarborough Centre,4,74190,35675,231,104,120,35220
2014,2014-06-12,General Election,34711,Scarborough—Guildwood,7,71311,35110,168,105,126,34711
2014,2014-06-12,General Election,41583,Scarborough—Rouge River,5,88592,42062,228,161,90,41583
2014,2014-06-12,General Election,36673,Scarborough Southwest,6,74333,37102,169,102,158,36673
2014,2014-06-12,General Election,55152,Simcoe—Grey,4,107762,56038,240,150,496,55152
2014,2014-06-12,General Election,50451,Simcoe North,4,95998,51192,195,109,437,50451
2014,2014-06-12,General Election,39879,Stormont—Dundas—South Glengarry,5,77544,40342,221,102,140,39879
2014,2014-06-12,General Election,33793,Sudbury,6,65819,34173,158,68,154,33793
2014,2014-06-12,General Election,49751,Thornhill,6,105139,50291,185,140,215,49751
2014,2014-06-12,General Election,28647,Thunder Bay—Atikokan,6,58908,28878,109,56,66,28647
2014,2014-06-12,General Election,27725,Thunder Bay—Superior North,6,55436,27945,118,50,52,27725
2014,2014-06-12,General Election,26426,Timiskaming—Cochrane,5,52572,26642,108,40,68,26426
2014,2014-06-12,General Election,22972,Timmins—James Bay,5,51398,23208,123,49,64,22972
2014,2014-06-12,General Election,51195,Toronto Centre,11,101741,51741,197,115,234,51195
2014,2014-06-12,General Election,43017,Toronto—Danforth,10,78787,43570,181,118,254,43017
2014,2014-06-12,General Election,57434,Trinity—Spadina,7,117804,58112,295,124,259,57434
2014,2014-06-12,General Election,60269,Vaughan,5,136426,60959,400,139,151,60269
2014,2014-06-12,General Election,45653,Welland,5,87263,46427,301,125,348,45653
2014,2014-06-12,General Election,48165,Wellington—Halton Hills,6,88349,49132,232,140,595,48165
2014,2014-06-12,General Election,59110,Whitby—Oshawa,5,110398,60002,241,139,512,59110
2014,2014-06-12,General Election,46219,Willowdale,4,99726,46753,169,171,194,46219
2014,2014-06-12,General Election,36710,Windsor—Tecumseh,5,87108,37256,152,140,254,36710
2014,2014-06-12,General Election,36331,Windsor West,5,86285,36849,208,122,188,36331
2014,2014-06-12,General Election,35361,York Centre,5,76714,35857,246,108,142,35361
2014,2014-06-12,General Election,47086,York—Simcoe,5,100744,47887,218,99,484,47086
2014,2014-06-12,General Election,32748,York South—Weston,6,71860,33152,216,89,99,32748
2014,2014-06-12,General Election,25494,York West,6,61054,25791,168,69,60,25494
2013,2013-08-01,By-Election,34295,Etobicoke—Lakeshore,8,90927,34509,175,28,11,34295
2013,2013-08-01,By-Election,37676,London West,6,96905,37955,185,50,44,37676
2013,2013-08-01,By-Election,35248,Ottawa South,9,87816,35464,164,45,7,35248
2013,2013-08-01,By-Election,24693,Scarborough—Guildwood,10,69425,24873,118,40,22,24693
2013,2013-08-01,By-Election,25593,Windsor—Tecumseh,7,85075,25818,98,63,64,25593
2012,2012-09-06,By-Election,46653,Kitchener—Waterloo,10,99544,46781,89,26,13,46653
2012,2012-09-06,By-Election,32060,Vaughan,9,126323,32361,208,76,17,32060
2011,2011-10-06,General Election,41418,Ajax—Pickering,5,92745,41590,117,34,21,41418
2011,2011-10-06,General Election,26024,Algoma—Manitoulin,5,52919,26158,100,24,10,26024
2011,2011-10-06,General Election,49543,Ancaster—Dundas—Flamborough—Westdale,8,88080,49723,104,41,35,49543
2011,2011-10-06,General Election,43110,Barrie,6,94114,43291,115,40,26,43110
2011,2011-10-06,General Election,38285,Beaches—East York,6,74450,38447,81,53,28,38285
2011,2011-10-06,General Election,43572,Bramalea—Gore—Malton,7,107820,43893,199,102,20,43572
2011,2011-10-06,General Election,35257,Brampton—Springdale,8,87543,35494,144,82,11,35257
2011,2011-10-06,General Election,43930,Brampton West,5,115431,44197,163,82,22,43930
2011,2011-10-06,General Election,45484,Brant,9,94717,45679,135,34,26,45484
2011,2011-10-06,General Election,41306,Bruce—Grey—Owen Sound,7,75809,41470,100,49,15,41306
2011,2011-10-06,General Election,49644,Burlington,7,90964,49875,140,56,35,49644
2011,2011-10-06,General Election,42310,Cambridge,6,92310,42497,119,41,27,42310
2011,2011-10-06,General Election,56167,Carleton—Mississippi Mills,5,105368,56371,134,34,36,56167
2011,2011-10-06,General Election,36194,Chatham—Kent—Essex,4,73727,36427,133,66,34,36194
2011,2011-10-06,General Election,31279,Davenport,9,68998,31457,118,47,13,31279
2011,2011-10-06,General Election,32010,Don Valley East,6,69851,32185,100,53,22,32010
2011,2011-10-06,General Election,41917,Don Valley West,7,82533,42035,64,43,11,41917
2011,2011-10-06,General Election,37985,Dufferin—Caledon,5,79918,38151,109,34,23,37985
2011,2011-10-06,General Election,45631,Durham,6,92096,45804,120,33,20,45631
2011,2011-10-06,General Election,38324,Eglinton—Lawrence,7,74309,38496,118,43,11,38324
2011,2011-10-06,General Election,41311,Elgin—Middlesex—London,5,80858,41465,80,59,15,41311
2011,2011-10-06,General Election,45844,Essex,4,89549,46012,98,50,20,45844
2011,2011-10-06,General Election,42569,Etobicoke Centre,7,81413,42842,213,38,22,42569
2011,2011-10-06,General Election,43448,Etobicoke—Lakeshore,9,87390,43703,172,57,26,43448
2011,2011-10-06,General Election,24931,Etobicoke North,7,62472,25082,113,28,10,24931
2011,2011-10-06,General Election,40172,Glengarry—Prescott—Russell,6,84584,40441,213,47,9,40172
2011,2011-10-06,General Election,46697,Guelph,7,93308,46903,115,64,27,46697
2011,2011-10-06,General Election,41448,Haldimand—Norfolk,5,78030,41596,103,39,6,41448
2011,2011-10-06,General Election,49198,Haliburton—Kawartha Lakes—Brock,5,89830,49386,88,54,46,49198
2011,2011-10-06,General Election,58981,Halton,7,128643,59162,120,42,19,58981
2011,2011-10-06,General Election,33567,Hamilton Centre,10,79524,33744,102,46,29,33567
2011,2011-10-06,General Election,39527,Hamilton East—Stoney Creek,7,85908,39743,153,49,14,39527
2011,2011-10-06,General Election,45373,Hamilton Mountain,7,90355,45581,144,52,12,45373
2011,2011-10-06,General Election,44754,Huron—Bruce,6,75853,44926,108,47,17,44754
2011,2011-10-06,General Election,22065,Kenora—Rainy River,5,48369,22130,44,14,7,22065
2011,2011-10-06,General Election,43051,Kingston and the Islands,8,95966,43214,87,33,43,43051
2011,2011-10-06,General Election,39238,Kitchener Centre,7,80170,39410,110,40,22,39238
2011,2011-10-06,General Election,40779,Kitchener—Conestoga,4,87992,41023,112,107,25,40779
2011,2011-10-06,General Election,49499,Kitchener—Waterloo,6,98268,49667,93,36,39,49499
2011,2011-10-06,General Election,42372,Lambton—Kent—Middlesex,7,78683,42549,104,42,31,42372
2011,2011-10-06,General Election,44805,Lanark—Frontenac—Lennox and Addington,4,89150,44962,78,50,29,44805
2011,2011-10-06,General Election,38229,Leeds—Grenville,5,75797,38384,94,43,18,38229
2011,2011-10-06,General Election,34225,London—Fanshawe,7,75165,34443,133,59,26,34225
2011,2011-10-06,General Election,43652,London North Centre,7,91638,43869,127,58,32,43652
2011,2011-10-06,General Election,49525,London West,6,93852,49749,114,76,34,49525
2011,2011-10-06,General Election,37237,Markham—Unionville,5,92232,37521,156,114,14,37237
2011,2011-10-06,General Election,33840,Mississauga—Brampton South,7,93563,34082,140,67,35,33840
2011,2011-10-06,General Election,33963,Mississauga East—Cooksville,7,84330,34154,134,46,11,33963
2011,2011-10-06,General Election,45643,Mississauga—Erindale,5,104254,45777,86,45,3,45643
2011,2011-10-06,General Election,40179,Mississauga South,6,78746,40357,73,75,30,40179
2011,2011-10-06,General Election,36069,Mississauga—Streetsville,4,87297,36194,80,34,11,36069
2011,2011-10-06,General Election,55037,Nepean—Carleton,6,110662,55230,135,38,20,55037
2011,2011-10-06,General Election,45349,Newmarket—Aurora,4,92231,45500,91,36,24,45349
2011,2011-10-06,General Election,46792,Niagara Falls,8,95266,47100,239,61,8,46792
2011,2011-10-06,General Election,48906,Niagara West—Glanbrook,9,89489,49111,123,44,38,48906
2011,2011-10-06,General Election,30762,Nickel Belt,4,62276,30858,64,21,11,30762
2011,2011-10-06,General Election,30694,Nipissing,4,59481,30846,98,42,12,30694
2011,2011-10-06,General Election,48439,Northumberland—Quinte West,6,93720,48621,102,61,19,48439
2011,2011-10-06,General Election,64486,Oak Ridges—Markham,6,151959,64881,216,137,42,64486
2011,2011-10-06,General Election,45146,Oakville,7,85971,45308,104,33,25,45146
2011,2011-10-06,General Election,39573,Oshawa,6,89767,39735,106,40,16,39573
2011,2011-10-06,General Election,50511,Ottawa Centre,7,94553,50801,138,44,108,50511
2011,2011-10-06,General Election,47062,Ottawa—Orléans,6,89726,47241,131,37,11,47062
2011,2011-10-06,General Election,44707,Ottawa South,6,87766,44929,159,45,18,44707
2011,2011-10-06,General Election,38085,Ottawa—Vanier,5,81712,38246,107,40,14,38085
2011,2011-10-06,General Election,44432,Ottawa West—Nepean,5,82578,44606,119,41,14,44432
2011,2011-10-06,General Election,37648,Oxford,5,76804,37771,83,20,20,37648
2011,2011-10-06,General Election,39752,Parkdale—High Park,10,77163,39959,126,56,25,39752
2011,2011-10-06,General Election,35899,Parry Sound—Muskoka,5,69651,36070,52,25,94,35899
2011,2011-10-06,General Election,37025,Perth—Wellington,6,71629,37169,84,38,22,37025
2011,2011-10-06,General Election,48658,Peterborough,6,91908,48877,121,50,48,48658
2011,2011-10-06,General Election,39006,Pickering—Scarborough East,5,78835,39172,118,31,17,39006
2011,2011-10-06,General Election,44503,Prince Edward—Hastings,7,86304,44655,85,34,33,44503
2011,2011-10-06,General Election,38985,Renfrew—Nipissing—Pembroke,5,74191,39092,75,23,9,38985
2011,2011-10-06,General Election,38454,Richmond Hill,5,91010,38670,121,81,14,38454
2011,2011-10-06,General Election,42695,St. Catharines,8,84078,42883,126,42,20,42695
2011,2011-10-06,General Election,42897,St. Paul's,8,85451,43074,110,49,18,42897
2011,2011-10-06,General Election,40500,Sarnia—Lambton,6,78646,40699,120,56,23,40500
2011,2011-10-06,General Election,29314,Sault Ste. Marie,5,59698,29461,94,39,14,29314
2011,2011-10-06,General Election,31816,Scarborough—Agincourt,7,73583,32062,160,76,10,31816
2011,2011-10-06,General Election,31388,Scarborough Centre,5,70958,31568,117,53,10,31388
2011,2011-10-06,General Election,31894,Scarborough—Guildwood,6,67408,32117,158,49,16,31894
2011,2011-10-06,General Election,36390,Scarborough—Rouge River,7,85338,36605,130,80,5,36390
2011,2011-10-06,General Election,33077,Scarborough Southwest,5,69553,33232,102,43,10,33077
2011,2011-10-06,General Election,46639,Simcoe—Grey,4,97272,46805,109,43,14,46639
2011,2011-10-06,General Election,45470,Simcoe North,4,89474,45612,92,28,22,45470
2011,2011-10-06,General Election,38844,Stormont—Dundas—South Glengarry,5,75975,39049,146,41,18,38844
2011,2011-10-06,General Election,32417,Sudbury,6,65130,32529,73,26,13,32417
2011,2011-10-06,General Election,44896,Thornhill,6,99517,45135,160,63,16,44896
2011,2011-10-06,General Election,26480,Thunder Bay—Atikokan,5,57027,26578,59,31,8,26480
2011,2011-10-06,General Election,26142,Thunder Bay—Superior North,5,54443,26239,69,24,4,26142
2011,2011-10-06,General Election,25205,Timiskaming—Cochrane,5,50580,25296,64,24,3,25205
2011,2011-10-06,General Election,23205,Timmins—James Bay,5,49723,23288,61,20,2,23205
2011,2011-10-06,General Election,45936,Toronto Centre,10,95466,46222,205,57,24,45936
2011,2011-10-06,General Election,37148,Toronto—Danforth,9,75815,37374,157,45,24,37148
2011,2011-10-06,General Election,46906,Trinity—Spadina,8,109565,47111,112,65,28,46906
2011,2011-10-06,General Election,49367,Vaughan,8,121154,49773,308,87,11,49367
2011,2011-10-06,General Election,43723,Welland,5,85141,43971,200,36,12,43723
2011,2011-10-06,General Election,42244,Wellington—Halton Hills,4,82926,42381,70,44,23,42244
2011,2011-10-06,General Election,50862,Whitby—Oshawa,6,102672,51016,105,25,24,50862
2011,2011-10-06,General Election,43239,Willowdale,5,95694,43442,99,77,27,43239
2011,2011-10-06,General Election,37231,Windsor—Tecumseh,5,83807,37453,142,40,40,37231
2011,2011-10-06,General Election,34198,Windsor West,4,82773,34411,128,61,24,34198
2011,2011-10-06,General Election,32395,York Centre,7,71531,32720,216,91,18,32395
2011,2011-10-06,General Election,38697,York—Simcoe,6,90599,38880,133,20,30,38697
2011,2011-10-06,General Election,30987,York South—Weston,6,69580,31214,161,50,16,30987
2011,2011-10-06,General Election,22688,York West,7,58255,22858,109,43,18,22688
2010,2010-02-04,By-Election,26053,Toronto Centre,8,96846,26162,77,29,3,26053
2010,2010-03-04,By-Election,27759,Leeds—Grenville,5,76053,27846,62,22,3,27759
2010,2010-03-04,By-Election,28432,Ottawa West—Nepean,5,86809,28590,118,27,13,28432
