,Election Date,Electoral District,Electorate,Votes Cast,IND,PCP,LIB,NDP,GPO
0,2022-06-02,Ajax,94835,37687,239,15336,13561,6291,1305
1,2018-06-07,Ajax,90206,48860,220,19078,12607,15130,1224
2,2022-06-02,Algoma—Manitoulin,58076,24499,,8692,2133,11252,764
3,2018-06-07,Algoma—Manitoulin,55544,29211,,7143,2365,17105,1025
4,2014-06-12,Algoma—Manitoulin,54395,26533,,4589,2365,14171,828
5,2011-10-06,Algoma—Manitoulin,52919,26024,,6141,7397,11585,684
6,2022-06-02,Aurora—Oak Ridges—Richmond Hill,85709,32559,,17340,10000,2501,1268
7,2018-06-07,Aurora—Oak Ridges—Richmond Hill,81979,44998,,25214,9718,8116,1195
8,2022-06-02,Barrie—Innisfil,92137,36272,147,18225,6564,6942,2291
9,2018-06-07,Barrie—Innisfil,82557,44272,147,22121,5543,12661,3190
10,2022-06-02,Barrie—Springwater—Oro-Medonte,84950,39500,,16631,16335,3093,1699
11,2018-06-07,Barrie—Springwater—Oro-Medonte,80951,45689,335,20445,6210,12891,5354
12,2022-06-02,Bay of Quinte,94852,43366,,21381,8003,9073,2719
13,2018-06-07,Bay of Quinte,90324,50442,379,24224,7511,16063,1730
14,2022-06-02,Beaches—East York,82279,40648,,7536,14398,13500,4154
15,2018-06-07,Beaches—East York,82386,49914,161,9202,13480,24064,2128
16,2014-06-12,Beaches—East York,77381,42948,161,5982,13480,16737,2329
17,2011-10-06,Beaches—East York,74450,38285,161,5333,13813,17925,1025
18,2022-06-02,Brampton Centre,67093,24463,,10119,6119,6522,882
19,2018-06-07,Brampton Centre,67432,33598,,12803,5825,12892,1053
20,2022-06-02,Brampton East,80463,29036,,12869,6131,9017,557
21,2018-06-07,Brampton East,75002,38495,,12896,6398,18062,523
22,2022-06-02,Brampton North,78586,30025,,13509,8639,5949,895
23,2018-06-07,Brampton North,77609,39624,,14380,8410,14877,1366
24,2022-06-02,Brampton South,80195,28602,,12980,7957,5475,1028
25,2018-06-07,Brampton South,77279,38169,,15652,7212,12919,1472
26,2022-06-02,Brampton West,90617,30836,,14751,8089,6398,854
27,2018-06-07,Brampton West,80196,37961,,14951,7013,14461,999
28,2014-06-12,Brampton West,131434,54902,,13363,7013,12985,1504
29,2011-10-06,Brampton West,115431,43930,,14434,19224,8331,1432
30,2022-06-02,Brantford—Brant,112204,46953,157,20738,6083,13283,3174
31,2018-06-07,Brantford—Brant,102861,58188,157,24437,5553,23802,2741
32,2022-06-02,Bruce—Grey—Owen Sound,89703,41811,201,20304,8499,5817,3702
33,2018-06-07,Bruce—Grey—Owen Sound,85044,49128,201,26874,6041,11837,2927
34,2014-06-12,Bruce—Grey—Owen Sound,80646,42816,201,20359,6041,6787,3696
35,2011-10-06,Bruce—Grey—Owen Sound,75809,41306,1478,19567,10889,6133,2654
36,2022-06-02,Burlington,102249,52520,,22348,15452,9262,3515
37,2018-06-07,Burlington,100455,63055,,25504,15515,18053,2828
38,2014-06-12,Burlington,95504,54309,,20086,15515,7792,2250
39,2011-10-06,Burlington,90964,49644,,20061,17909,9370,1129
40,2022-06-02,Cambridge,91608,39401,,14590,8155,8745,3537
41,2018-06-07,Cambridge,88380,48131,,17793,11191,15639,3018
42,2014-06-12,Cambridge,100130,48201,,15694,11191,10413,2726
43,2011-10-06,Cambridge,92310,42310,271,15947,13993,10414,1056
44,2022-06-02,Carleton,95232,46306,,22295,12452,7256,2537
45,2018-06-07,Carleton,81901,50258,,25798,9768,11308,1985
46,2022-06-02,Chatham-Kent—Leamington,86769,36870,,17522,,11163,1244
47,2018-06-07,Chatham-Kent—Leamington,82799,46373,358,24078,3736,16558,1643
48,2022-06-02,Davenport,82547,35473,216,4994,6815,20242,1710
49,2018-06-07,Davenport,82924,45819,216,7370,8558,27613,1624
50,2014-06-12,Davenport,72851,35674,216,2665,8558,14322,1784
51,2011-10-06,Davenport,68998,31279,250,2480,12953,14367,855
52,2022-06-02,Don Valley East,66841,28076,192,9038,12313,4355,1139
53,2018-06-07,Don Valley East,66192,36217,192,11984,13012,9937,917
54,2014-06-12,Don Valley East,73070,34548,192,9257,13012,4500,1256
55,2011-10-06,Don Valley East,69851,32010,192,8705,16350,5953,702
56,2022-06-02,Don Valley North,78300,31728,,15041,11685,3133,1179
57,2018-06-07,Don Valley North,76211,40607,,18046,12557,8476,1039
58,2022-06-02,Don Valley West,74921,36760,85,14208,16177,3392,2025
59,2018-06-07,Don Valley West,75391,45777,85,17621,17802,8620,1268
60,2014-06-12,Don Valley West,86092,45980,138,14082,17802,3569,1286
61,2011-10-06,Don Valley West,82533,41917,138,12827,24444,3621,718
62,2022-06-02,Dufferin—Caledon,110230,46127,,22911,8678,4967,6518
63,2018-06-07,Dufferin—Caledon,99913,55956,,29704,6972,11381,7011
64,2014-06-12,Dufferin—Caledon,89024,45203,,18017,6972,5269,7518
65,2011-10-06,Dufferin—Caledon,79918,37985,,17833,10162,4200,5540
66,2022-06-02,Durham,113389,49320,697,22614,12276,9168,1981
67,2018-06-07,Durham,102471,60807,697,28575,10237,19253,2360
68,2014-06-12,Durham,99404,54366,697,18640,10237,13094,2382
69,2011-10-06,Durham,92096,45631,697,22393,13394,8027,1221
70,2022-06-02,Eglinton—Lawrence,84513,39258,216,16605,16081,3801,1513
71,2018-06-07,Eglinton—Lawrence,83202,49527,216,19999,19042,8985,1190
72,2014-06-12,Eglinton—Lawrence,77946,41706,143,14079,19042,3060,1305
73,2011-10-06,Eglinton—Lawrence,74309,38324,146,12857,20752,3763,575
74,2022-06-02,Elgin—Middlesex—London,98326,43791,,22369,7618,7973,2043
75,2018-06-07,Elgin—Middlesex—London,89636,52767,,29264,3857,16923,2029
76,2014-06-12,Elgin—Middlesex—London,84970,45183,,20946,3857,12034,2236
77,2011-10-06,Elgin—Middlesex—London,80858,41311,,19771,11075,9201,981
78,2022-06-02,Essex,103848,48780,,24926,4186,13793,989
79,2018-06-07,Essex,97773,54503,,23423,3026,26134,1920
80,2014-06-12,Essex,94008,46600,,10169,3026,28118,1685
81,2011-10-06,Essex,89549,45844,,16049,11518,17417,860
82,2022-06-02,Etobicoke Centre,94024,45351,,22035,15443,3906,2036
83,2018-06-07,Etobicoke Centre,92715,56825,162,24432,19708,10311,1329
84,2014-06-12,Etobicoke Centre,85192,47432,162,15520,19708,5758,1254
85,2011-10-06,Etobicoke Centre,81413,42569,162,13956,21916,5099,837
86,2022-06-02,Etobicoke—Lakeshore,106499,47966,186,17978,17136,8595,2278
87,2018-06-07,Etobicoke—Lakeshore,101606,58993,186,22626,14305,19401,2138
88,2014-06-12,Etobicoke—Lakeshore,96304,51193,186,17587,14305,6362,2064
89,2013-08-01,Etobicoke—Lakeshore,90927,34295,186,16034,14506,2542,771
90,2011-10-06,Etobicoke—Lakeshore,87390,43448,113,12705,22169,6713,1164
91,2022-06-02,Etobicoke North,74449,25103,,13934,5884,3290,690
92,2018-06-07,Etobicoke North,72580,36306,,19055,6601,9210,1026
93,2014-06-12,Etobicoke North,64284,27098,,6163,6601,7103,677
94,2011-10-06,Etobicoke North,62472,24931,,6172,12081,5426,541
95,2022-06-02,Flamborough—Glanbrook,94203,43951,,20306,8970,9995,2392
96,2018-06-07,Flamborough—Glanbrook,86027,51588,,22454,7967,17630,2307
97,2022-06-02,Glengarry—Prescott—Russell,98155,44382,,18661,17529,3789,1670
98,2018-06-07,Glengarry—Prescott—Russell,89035,48690,,19952,15409,10610,1427
99,2014-06-12,Glengarry—Prescott—Russell,89741,47375,296,15429,15409,5902,1528
100,2011-10-06,Glengarry—Prescott—Russell,84584,40172,296,15973,17345,5721,770
101,2022-06-02,Guelph,111147,54638,,11149,7263,4402,29752
102,2018-06-07,Guelph,106481,64577,,14084,6537,13929,29082
103,2014-06-12,Guelph,96599,53025,,11048,6537,9385,10230
104,2011-10-06,Guelph,93308,46697,100,11954,19815,11150,3234
105,2022-06-02,Haldimand—Norfolk,93450,45427,16020,13851,3329,6311,1841
106,2018-06-07,Haldimand—Norfolk,86342,50593,16020,28889,4656,13609,2095
107,2014-06-12,Haldimand—Norfolk,80907,42254,16020,22066,4656,9786,2071
108,2011-10-06,Haldimand—Norfolk,78030,41448,16020,25203,7087,8048,868
109,2022-06-02,Haliburton—Kawartha Lakes—Brock,102400,48926,,25594,6590,7692,3695
110,2018-06-07,Haliburton—Kawartha Lakes—Brock,96832,57143,,32406,5655,15142,2551
111,2014-06-12,Haliburton—Kawartha Lakes—Brock,96029,52839,,21641,5655,10431,2255
112,2011-10-06,Haliburton—Kawartha Lakes—Brock,89830,49198,,22352,16522,8517,1562
113,2022-06-02,Hamilton Centre,77599,29147,145,4800,3799,16690,2554
114,2018-06-07,Hamilton Centre,75672,36575,156,5730,3982,23866,2102
115,2014-06-12,Hamilton Centre,82062,35950,156,5173,3982,18697,3067
116,2011-10-06,Hamilton Centre,79524,33567,268,4421,5861,20586,1249
117,2022-06-02,Hamilton East—Stoney Creek,86964,35166,2411,12166,7411,9614,1740
118,2018-06-07,Hamilton East—Stoney Creek,84088,44020,2411,12684,5320,22518,1884
119,2014-06-12,Hamilton East—Stoney Creek,88782,42637,2411,7574,5320,19958,1742
120,2011-10-06,Hamilton East—Stoney Creek,85908,39527,2411,7395,10397,20442,692
121,2022-06-02,Hamilton Mountain,82518,34034,,10211,5300,15250,1913
122,2018-06-07,Hamilton Mountain,80578,44717,,12891,4134,24406,2300
123,2014-06-12,Hamilton Mountain,94360,49055,,8795,4134,23006,2047
124,2011-10-06,Hamilton Mountain,90355,45373,,8641,14694,20492,748
125,2022-06-02,Hamilton West—Ancaster—Dundas,93526,45017,,14852,8184,18197,2416
126,2018-06-07,Hamilton West—Ancaster—Dundas,89782,55390,247,17189,10960,23921,2302
127,2022-06-02,Hastings—Lennox and Addington,81418,38184,,18156,7102,7258,1732
128,2018-06-07,Hastings—Lennox and Addington,76108,44521,,22374,5180,14441,1924
129,2022-06-02,Humber River—Black Creek,70632,23078,110,6865,7076,7959,430
130,2018-06-07,Humber River—Black Creek,66289,30929,110,9367,8642,11573,485
131,2022-06-02,Huron—Bruce,87090,46892,212,24369,8775,7679,1922
132,2018-06-07,Huron—Bruce,84157,52802,212,27646,7356,15326,1804
133,2014-06-12,Huron—Bruce,80428,47457,212,18512,7356,10843,1651
134,2011-10-06,Huron—Bruce,75853,44754,200,19138,14659,9329,772
135,2022-06-02,Kanata—Carleton,88936,45569,,19871,10672,11045,2503
136,2018-06-07,Kanata—Carleton,86449,53453,,23089,9090,15592,2827
137,2022-06-02,Kenora—Rainy River,40525,16059,95,9567,1823,3199,608
138,2018-06-07,Kenora—Rainy River,37442,20071,95,9748,2123,7493,707
139,2014-06-12,Kenora—Rainy River,49912,23157,95,5905,2123,12889,711
140,2011-10-06,Kenora—Rainy River,48369,22065,95,8307,2202,10949,391
141,2022-06-02,King—Vaughan,103344,40897,,23439,11658,2840,1104
142,2018-06-07,King—Vaughan,93503,51461,,29136,12012,7921,1754
143,2022-06-02,Kingston and the Islands,104601,48749,130,11973,18360,15186,1601
144,2018-06-07,Kingston and the Islands,98020,55644,130,14512,15312,21788,3574
145,2014-06-12,Kingston and the Islands,97188,50109,130,10652,15312,14811,3566
146,2011-10-06,Kingston and the Islands,95966,43051,130,9610,21028,10241,1594
147,2022-06-02,Kitchener Centre,84747,38902,,10376,5728,15789,4980
148,2018-06-07,Kitchener Centre,82445,47280,,13080,9499,20512,3234
149,2014-06-12,Kitchener Centre,83170,42816,,11550,9499,9765,2472
150,2011-10-06,Kitchener Centre,80170,39238,137,15069,15392,7385,938
151,2022-06-02,Kitchener—Conestoga,77379,37589,,15045,6590,10851,2315
152,2018-06-07,Kitchener—Conestoga,73095,42974,,17005,6035,16319,2853
153,2014-06-12,Kitchener—Conestoga,94886,46983,,17083,6035,9958,3277
154,2011-10-06,Kitchener—Conestoga,87992,40779,,18017,14476,7165,1121
155,2022-06-02,Kitchener South—Hespeler,82450,34496,,13768,5629,9118,3993
156,2018-06-07,Kitchener South—Hespeler,77296,42483,275,16511,6335,15741,3198
157,2022-06-02,Lambton—Kent—Middlesex,90221,42399,,24933,4063,7987,1688
158,2018-06-07,Lambton—Kent—Middlesex,83993,50424,,27906,3143,16800,1660
159,2014-06-12,Lambton—Kent—Middlesex,81678,45847,,20710,3143,12160,2104
160,2011-10-06,Lambton—Kent—Middlesex,78683,42372,,19379,12423,8882,987
161,2022-06-02,Lanark—Frontenac—Kingston,88832,44185,213,22142,6962,9146,2982
162,2018-06-07,Lanark—Frontenac—Kingston,81925,50343,440,26194,5359,15339,2410
163,2022-06-02,Leeds—Grenville—Thousand Islands and Rideau Lakes,87378,42744,,24657,7746,5799,2583
164,2018-06-07,Leeds—Grenville—Thousand Islands and Rideau Lakes,82511,48969,,30002,6543,9688,2347
165,2022-06-02,London—Fanshawe,94342,34260,,11224,3553,16123,1200
166,2018-06-07,London—Fanshawe,92428,45391,,13519,3797,25272,2050
167,2014-06-12,London—Fanshawe,77524,35508,112,8196,3797,17903,1378
168,2011-10-06,London—Fanshawe,75165,34225,192,9075,9678,13953,852
169,2022-06-02,London North Centre,102767,43085,,13051,9013,17082,2064
170,2018-06-07,London North Centre,99488,54113,,16701,8501,25757,2493
171,2014-06-12,London North Centre,91997,45517,,12016,8501,13853,2445
172,2011-10-06,London North Centre,91638,43652,,12628,19167,9914,1451
173,2022-06-02,London West,103127,49882,,16886,6077,22510,1713
174,2018-06-07,London West,98749,58996,,17133,5847,32644,2211
175,2014-06-12,London West,99472,55106,,16295,5847,22243,2310
176,2013-08-01,London West,96905,37676,,12426,5965,15704,1608
177,2011-10-06,London West,93852,49525,,14603,22610,10757,1194
178,2022-06-02,Markham—Stouffville,98749,43723,,21176,15512,4137,1723
179,2018-06-07,Markham—Stouffville,92442,53846,,25912,14007,10997,2153
180,2022-06-02,Markham—Thornhill,72633,28699,,14011,10763,2597,733
181,2018-06-07,Markham—Thornhill,72583,37548,168,18943,9160,8010,859
182,2022-06-02,Markham—Unionville,91097,35422,,19985,10774,2579,1299
183,2018-06-07,Markham—Unionville,86671,46940,,29305,8456,7778,996
184,2014-06-12,Markham—Unionville,95367,41916,,14241,8456,4205,1509
185,2011-10-06,Markham—Unionville,92232,37237,,11720,19579,4575,1104
186,2022-06-02,Milton,91696,38927,,16766,15086,3777,1612
187,2018-06-07,Milton,78764,43789,,18249,13064,9740,2200
188,2022-06-02,Mississauga Centre,89218,33758,,14719,12260,4148,1188
189,2018-06-07,Mississauga Centre,88762,43710,,17860,11102,12046,1149
190,2022-06-02,Mississauga East—Cooksville,86019,33828,,13840,12634,3664,1345
191,2018-06-07,Mississauga East—Cooksville,85190,43405,,17862,13123,9871,1498
192,2014-06-12,Mississauga East—Cooksville,92402,40001,,10479,13123,6158,1408
193,2011-10-06,Mississauga East—Cooksville,84330,33963,199,11414,15535,5704,934
194,2022-06-02,Mississauga—Erin Mills,89926,37235,,15693,13954,4521,1594
195,2018-06-07,Mississauga—Erin Mills,86321,47178,,19631,11965,13021,1296
196,2022-06-02,Mississauga—Lakeshore,91778,42890,,19341,15768,3647,2160
197,2018-06-07,Mississauga—Lakeshore,90469,53199,,22520,18636,9735,1572
198,2022-06-02,Mississauga—Malton,80059,29023,,13028,8838,5140,1173
199,2018-06-07,Mississauga—Malton,78394,37611,1187,14712,7813,12351,674
200,2022-06-02,Mississauga—Streetsville,89334,37989,,17317,13479,4554,1137
201,2018-06-07,Mississauga—Streetsville,87225,47964,,20879,12344,12393,1349
202,2014-06-12,Mississauga—Streetsville,92937,42964,,12060,12344,5885,1566
203,2011-10-06,Mississauga—Streetsville,87297,36069,,10655,18591,5494,1329
204,2022-06-02,Nepean,95599,43617,,17123,15029,8435,1696
205,2018-06-07,Nepean,90987,52957,,23899,10383,15110,2739
206,2022-06-02,Newmarket—Aurora,93983,41523,,18671,13069,5281,2332
207,2018-06-07,Newmarket—Aurora,89076,52013,447,24813,11840,12405,1859
208,2014-06-12,Newmarket—Aurora,99407,52333,447,19585,11840,6023,2144
209,2011-10-06,Newmarket—Aurora,92231,45349,447,21425,16154,6514,1256
210,2022-06-02,Niagara Centre,95459,41208,,15506,5492,16360,1865
211,2018-06-07,Niagara Centre,88287,48874,217,18333,5779,21618,1803
212,2022-06-02,Niagara Falls,116171,50344,,18342,4239,24207,1356
213,2018-06-07,Niagara Falls,110035,59381,,21126,5554,30161,2057
214,2014-02-13,Niagara Falls,99024,36901,226,13564,7144,14589,1011
215,2014-06-12,Niagara Falls,100698,50923,226,16702,7144,24131,1724
216,2011-10-06,Niagara Falls,95266,46792,119,16296,16794,12304,759
217,2022-06-02,Niagara West,79089,41796,,18779,8013,8658,2702
218,2018-06-07,Niagara West,73913,46190,,24394,4859,13769,2590
219,2022-06-02,Nickel Belt,67858,30747,,9181,3042,15611,921
220,2018-06-07,Nickel Belt,66479,36467,,8018,3182,23157,1137
221,2014-06-12,Nickel Belt,64910,32107,,3827,3182,20104,1145
222,2011-10-06,Nickel Belt,62276,30762,,5625,7451,16876,810
223,2022-06-02,Nipissing,63993,30659,,15392,4150,8665,1025
224,2018-06-07,Nipissing,61299,35243,,17598,2794,12994,997
225,2014-06-12,Nipissing,60422,31297,208,13085,2794,8057,1188
226,2011-10-06,Nipissing,59481,30694,208,15381,8775,5567,971
227,2022-06-02,Northumberland—Peterborough South,100788,51871,,26419,12936,6806,2942
228,2018-06-07,Northumberland—Peterborough South,94504,60423,,27386,14603,14804,2740
229,2022-06-02,Oakville,93268,46569,,21162,17554,3154,2416
230,2018-06-07,Oakville,92502,56871,,24837,20327,9424,1986
231,2014-06-12,Oakville,90006,50037,,18921,20327,3994,1887
232,2011-10-06,Oakville,85971,45146,498,17131,21711,4625,878
233,2022-06-02,Oakville North—Burlington,101071,47095,,22221,16631,4673,2027
234,2018-06-07,Oakville North—Burlington,92512,55351,,25691,13487,13496,2052
235,2022-06-02,Orléans,111660,51839,,16926,23982,7150,2359
236,2020-02-27,Orléans,110811,25502,,5945,14302,3888,1069
237,2018-06-07,Orléans,102821,63950,435,22509,24972,14033,1603
238,2022-06-02,Oshawa,103853,40809,,16423,3726,17170,1641
239,2018-06-07,Oshawa,100254,54143,,22594,4278,24301,1957
240,2014-06-12,Oshawa,96154,47608,,14540,4278,22232,1785
241,2011-10-06,Oshawa,89767,39573,,16719,6921,14316,1035
242,2022-06-02,Ottawa Centre,110463,55781,140,8773,12596,30311,2718
243,2018-06-07,Ottawa Centre,106208,64403,140,10327,21111,29675,2266
244,2014-06-12,Ottawa Centre,94777,53232,140,9678,21111,10894,4163
245,2011-10-06,Ottawa Centre,94553,50511,309,9257,23646,14715,2184
246,2022-06-02,Ottawa South,95991,40500,154,9390,18282,9619,1885
247,2018-06-07,Ottawa South,93167,52416,154,15319,20773,14250,1618
248,2014-06-12,Ottawa South,89150,47450,154,15235,20773,5817,2034
249,2013-08-01,Ottawa South,87816,35248,91,13642,14921,5042,1099
250,2011-10-06,Ottawa South,87766,44707,91,14945,21842,5988,1442
251,2022-06-02,Ottawa—Vanier,98774,38673,,7798,16132,10026,3019
252,2020-02-27,Ottawa—Vanier,100716,19923,188,2329,10403,5031,1710
253,2018-06-07,Ottawa—Vanier,94298,47958,188,10252,20555,14232,1955
254,2016-11-17,Ottawa—Vanier,81902,30454,188,9051,14979,4459,993
255,2014-06-12,Ottawa—Vanier,81412,39261,188,8750,14979,5228,3144
256,2011-10-06,Ottawa—Vanier,81712,38085,188,8929,19619,7466,1719
257,2022-06-02,Ottawa West—Nepean,89436,41814,,14610,9384,15696,1475
258,2018-06-07,Ottawa West—Nepean,89575,50545,,16590,14810,16415,1937
259,2014-06-12,Ottawa West—Nepean,85125,46907,,15895,14810,6760,2899
260,2011-10-06,Ottawa West—Nepean,82578,44432,,17483,18492,6576,1485
261,2010-03-04,Ottawa West—Nepean,86809,28432,230,11086,12353,2404,2359
262,2022-06-02,Oxford,95927,44321,,22166,5457,9504,2097
263,2018-06-07,Oxford,89597,52311,335,29152,3620,15917,2254
264,2014-06-12,Oxford,80398,41001,335,18958,3620,10573,1985
265,2011-10-06,Oxford,76804,37648,335,20658,9410,5885,1336
266,2022-06-02,Parkdale—High Park,85352,42664,,6270,9547,23024,2587
267,2018-06-07,Parkdale—High Park,88131,54549,,9821,9271,32407,2544
268,2014-06-12,Parkdale—High Park,80122,45093,,5787,9271,18385,2479
269,2011-10-06,Parkdale—High Park,77163,39752,117,4668,14877,18365,1325
270,2022-06-02,Parry Sound—Muskoka,84280,44558,155,20216,,3427,18102
271,2018-06-07,Parry Sound—Muskoka,80180,47143,219,22662,4071,10385,9438
272,2014-06-12,Parry Sound—Muskoka,75153,38698,219,15761,4071,4999,7484
273,2011-10-06,Parry Sound—Muskoka,69651,35899,219,19417,6537,6527,3251
274,2022-06-02,Perth—Wellington,83497,41597,,19468,6708,9170,2627
275,2018-06-07,Perth—Wellington,78738,46843,,23736,5062,14385,2746
276,2014-06-12,Perth—Wellington,74914,41048,343,15992,5062,7764,2005
277,2011-10-06,Perth—Wellington,71629,37025,343,14845,14635,5836,918
278,2022-06-02,Peterborough—Kawartha,102163,52373,,20205,15998,11196,1914
279,2018-06-07,Peterborough—Kawartha,98070,60790,,22904,14946,20518,2024
280,2022-06-02,Pickering—Uxbridge,96164,43232,,19208,12345,6934,2266
281,2018-06-07,Pickering—Uxbridge,91154,53193,277,22447,10851,17033,2105
282,2022-06-02,Renfrew—Nipissing—Pembroke,87343,40188,,24563,3928,6872,1470
283,2018-06-07,Renfrew—Nipissing—Pembroke,81550,48199,,33350,4701,8066,1436
284,2014-06-12,Renfrew—Nipissing—Pembroke,76956,41334,392,25241,4701,5978,1337
285,2011-10-06,Renfrew—Nipissing—Pembroke,74191,38985,392,27594,6231,4277,574
286,2022-06-02,Richmond Hill,85825,30796,,16088,9825,2805,917
287,2018-06-07,Richmond Hill,83967,43371,,22224,12108,7490,1248
288,2014-06-12,Richmond Hill,94977,42808,,15642,12108,4697,1344
289,2011-10-06,Richmond Hill,91010,38454,,13763,18042,4987,1268
290,2022-06-02,St. Catharines,92924,43136,,14851,7175,17128,1764
291,2018-06-07,St. Catharines,89924,51650,,17353,12671,18911,1923
292,2014-06-12,St. Catharines,86198,46514,,13814,12671,11350,1792
293,2011-10-06,St. Catharines,84078,42695,,15461,17166,8624,1066
294,2022-06-02,Sarnia—Lambton,86735,40181,,21184,4200,9489,1266
295,2018-06-07,Sarnia—Lambton,84296,50830,,26811,2246,18995,1856
296,2014-06-12,Sarnia—Lambton,80669,45650,,18722,2246,16327,2109
297,2011-10-06,Sarnia—Lambton,78646,40500,1077,19570,8819,10307,567
298,2022-06-02,Sault Ste. Marie,60748,26884,1070,12606,1610,10029,675
299,2018-06-07,Sault Ste. Marie,59545,32117,1070,13498,3199,13084,1044
300,2017-06-01,Sault Ste. Marie,58944,25754,1070,10411,5935,8465,512
301,2014-06-12,Sault Ste. Marie,59385,29884,1070,3704,5935,7610,965
302,2011-10-06,Sault Ste. Marie,59698,29314,1070,3477,16109,9037,519
303,2022-06-02,Scarborough—Agincourt,73032,28636,,14040,10672,2512,628
304,2018-06-07,Scarborough—Agincourt,72558,36871,189,18582,10429,6434,635
305,2014-06-12,Scarborough—Agincourt,76549,34772,189,12041,10429,4105,907
306,2011-10-06,Scarborough—Agincourt,73583,31816,189,10431,14907,5017,722
307,2022-06-02,Scarborough Centre,77858,31869,352,11471,9678,8358,892
308,2018-06-07,Scarborough Centre,75493,39704,352,15266,8791,13247,919
309,2014-06-12,Scarborough Centre,74190,35220,352,7599,8791,7145,1086
310,2011-10-06,Scarborough Centre,70958,31388,352,7511,16142,6876,558
311,2022-06-02,Scarborough—Guildwood,70153,28949,,9123,13405,4824,818
312,2018-06-07,Scarborough—Guildwood,68662,35905,,11898,11972,9917,878
313,2014-06-12,Scarborough—Guildwood,71311,34711,,9721,11972,5894,1034
314,2013-08-01,Scarborough—Guildwood,69425,24693,195,7605,8852,7000,532
315,2011-10-06,Scarborough—Guildwood,67408,31894,195,9137,15607,6194,413
316,2022-06-02,Scarborough North,67032,26177,,12646,7750,4820,479
317,2018-06-07,Scarborough North,67775,34113,,17413,7519,8320,543
318,2022-06-02,Scarborough—Rouge Park,78567,35312,,15989,9784,7742,850
319,2018-06-07,Scarborough—Rouge Park,76313,42015,,16224,8785,15261,1014
320,2022-06-02,Scarborough Southwest,80222,35326,110,9750,6556,16842,1251
321,2018-06-07,Scarborough Southwest,78329,43443,110,13565,8228,19835,1174
322,2014-06-12,Scarborough Southwest,74333,36673,185,7573,8228,8674,1493
323,2011-10-06,Scarborough Southwest,69553,33077,185,7061,14585,10404,777
324,2022-06-02,Simcoe—Grey,122113,52886,,27067,11687,5849,4742
325,2018-06-07,Simcoe—Grey,108156,60963,,34094,8780,13444,4192
326,2014-06-12,Simcoe—Grey,107762,55152,,25988,8780,7793,4172
327,2011-10-06,Simcoe—Grey,97272,46639,,25339,10404,6839,4057
328,2022-06-02,Simcoe North,100537,46265,,23041,8070,8208,4071
329,2018-06-07,Simcoe North,92450,53789,,25236,9523,15078,3632
330,2015-09-03,Simcoe North,97048,39301,,21095,9281,6637,1791
331,2014-06-12,Simcoe North,95998,50451,,22179,9281,7846,4013
332,2011-10-06,Simcoe North,89474,45470,,25081,10191,7710,2488
333,2022-06-02,Spadina—Fort York,99220,33857,,6221,9463,15595,1902
334,2018-06-07,Spadina—Fort York,93622,49731,,10834,11770,24677,1815
335,2022-06-02,Stormont—Dundas—South Glengarry,87263,36114,,20766,6458,4982,1477
336,2018-06-07,Stormont—Dundas—South Glengarry,81342,43538,,26780,5386,9416,1596
337,2014-06-12,Stormont—Dundas—South Glengarry,77544,39879,,20624,5386,8336,1067
338,2011-10-06,Stormont—Dundas—South Glengarry,75975,38844,,21463,8413,8021,551
339,2022-06-02,Sudbury,66394,29410,90,8519,5727,12013,1480
340,2018-06-07,Sudbury,67410,36167,82,8405,8108,17386,1504
341,2015-02-05,Sudbury,65356,25795,3250,1937,10640,9067,837
342,2014-06-12,Sudbury,65819,33793,105,4663,10640,14274,1212
343,2011-10-06,Sudbury,65130,32417,44,4400,13735,13204,870
344,2022-06-02,Thornhill,87313,34522,361,18395,10247,2698,1155
345,2018-06-07,Thornhill,84979,47259,361,28889,6985,9134,1043
346,2014-02-13,Thornhill,103021,28058,361,13438,11671,1905,404
347,2014-06-12,Thornhill,105139,49751,361,21886,11671,4052,1229
348,2011-10-06,Thornhill,99517,44896,361,20971,18373,4024,756
349,2022-06-02,Thunder Bay—Atikokan,62107,26598,,9657,6486,8759,781
350,2018-06-07,Thunder Bay—Atikokan,59996,32525,,7555,11712,11793,880
351,2014-06-12,Thunder Bay—Atikokan,58908,28647,,3779,11712,8052,964
352,2011-10-06,Thunder Bay—Atikokan,57027,26480,86,5815,10319,9881,379
353,2022-06-02,Thunder Bay—Superior North,57352,24634,,7604,6966,8404,738
354,2018-06-07,Thunder Bay—Superior North,56277,30035,,5395,11973,11160,838
355,2014-06-12,Thunder Bay—Superior North,55436,27725,,1991,11973,8169,997
356,2011-10-06,Thunder Bay—Superior North,54443,26142,,4578,11765,9111,555
357,2022-06-02,Timiskaming—Cochrane,53830,22779,,8024,1600,9735,1485
358,2018-06-07,Timiskaming—Cochrane,52322,27461,,6160,2476,16806,723
359,2014-06-12,Timiskaming—Cochrane,52572,26426,,4527,2476,14661,489
360,2011-10-06,Timiskaming—Cochrane,50580,25205,,5337,6532,12633,312
361,2022-06-02,Timmins,33386,14437,,9356,,4271,323
362,2018-06-07,Timmins,32867,15633,,4634,1378,8978,273
363,2022-06-02,Toronto Centre,88268,34921,,4245,12820,15285,1784
364,2018-06-07,Toronto Centre,82044,44148,,6234,11986,23688,1377
365,2014-06-12,Toronto Centre,101741,51195,,9498,11986,8140,2265
366,2011-10-06,Toronto Centre,95466,45936,,7186,25236,11571,1123
367,2010-02-04,Toronto Centre,96846,26053,129,3985,12289,8705,783
368,2022-06-02,Toronto—Danforth,84085,41324,,5556,9240,22890,2513
369,2018-06-07,Toronto—Danforth,84072,51269,228,8131,7216,32938,2248
370,2014-06-12,Toronto—Danforth,78787,43017,228,4304,7216,19190,2351
371,2011-10-06,Toronto—Danforth,75815,37148,228,3488,11369,20062,1354
372,2022-06-02,Toronto—St. Paul's,88424,42179,,9445,14200,15292,2302
373,2018-06-07,Toronto—St. Paul's,87216,52402,,13780,17498,18843,1690
374,2022-06-02,University—Rosedale,86500,37181,,6535,10172,13961,5904
375,2018-06-07,University—Rosedale,88097,49412,220,10431,10898,24537,2652
376,2022-06-02,Vaughan—Woodbridge,82215,35958,,19340,12615,1927,694
377,2018-06-07,Vaughan—Woodbridge,77426,42946,,21687,13742,6254,972
378,2022-06-02,Waterloo,93235,44922,,13176,6251,20615,3110
379,2018-06-07,Waterloo,88580,54044,,16973,6577,27315,2613
380,2022-06-02,Wellington—Halton Hills,102911,49493,,25049,6920,7724,7002
381,2018-06-07,Wellington—Halton Hills,96887,58624,,31659,7492,14087,5066
382,2014-06-12,Wellington—Halton Hills,88349,48165,,22450,7492,6804,3550
383,2011-10-06,Wellington—Halton Hills,82926,42244,,23495,11334,6106,1309
384,2022-06-02,Whitby,103309,46104,168,21840,9556,10524,2397
385,2018-06-07,Whitby,96879,57796,168,26471,7441,21158,1958
386,2022-06-02,Willowdale,79942,31583,132,14105,11990,3253,1143
387,2018-06-07,Willowdale,81313,40646,233,17732,10815,10481,932
388,2014-06-12,Willowdale,99726,46219,233,15468,10815,4693,1758
389,2011-10-06,Willowdale,95694,43239,233,14528,21984,297,874
390,2022-06-02,Windsor—Tecumseh,95488,38551,524,17692,5598,11551,1002
391,2018-06-07,Windsor—Tecumseh,91269,43183,863,11677,3513,25221,1909
392,2014-06-12,Windsor—Tecumseh,87108,36710,863,2118,3513,22818,5493
393,2013-08-01,Windsor—Tecumseh,85075,25593,863,5147,3057,15682,942
394,2011-10-06,Windsor—Tecumseh,83807,37231,863,7751,15946,12228,830
395,2022-06-02,Windsor West,95295,31752,,11211,4159,13395,879
396,2018-06-07,Windsor West,90698,38899,,11073,5722,20276,1393
397,2014-06-12,Windsor West,86285,36331,891,5225,5722,15043,1171
398,2011-10-06,Windsor West,82773,34198,891,8476,14127,10544,1051
399,2022-06-02,York Centre,73101,28128,,12947,8984,3935,799
400,2018-06-07,York Centre,70520,36761,,18434,7865,8617,843
401,2014-06-12,York Centre,76714,35361,,11125,7865,5645,1163
402,2011-10-06,York Centre,71531,32395,127,11506,14694,4579,535
403,2022-06-02,York—Simcoe,94324,36628,,20789,6319,4083,2691
404,2018-06-07,York—Simcoe,83837,45491,,26050,6182,10655,2195
405,2014-06-12,York—Simcoe,100744,47086,,19025,6182,8420,2946
406,2011-10-06,York—Simcoe,90599,38697,,20425,9496,6607,1479
407,2022-06-02,York South—Weston,80567,30432,209,11138,7377,10342,770
408,2018-06-07,York South—Weston,76772,37298,209,12290,10379,13455,946
409,2014-06-12,York South—Weston,71860,32748,146,3687,10379,12200,797
410,2011-10-06,York South—Weston,69580,30987,146,3441,13805,13071,474
411,2022-06-02,Kiiwetinoong,15782,4763,,1426,281,2742,158
412,2018-06-07,Kiiwetinoong,14326,6477,,1765,983,3232,406
413,2022-06-02,Mushkegowuk—James Bay,18483,7255,,2594,852,3423,141
414,2018-06-07,Mushkegowuk—James Bay,17435,9324,,2795,1332,4827,167
415,2016-02-11,Whitby—Oshawa,112055,32226,140,17053,8865,5172,529
416,2014-06-12,Whitby—Oshawa,110398,59110,140,24027,8865,13621,2523
417,2011-10-06,Whitby—Oshawa,102672,50862,140,24499,16988,7865,1139
418,2016-09-01,Scarborough—Rouge River,90118,25113,580,9687,7263,6907,217
419,2014-06-12,Scarborough—Rouge River,88592,41583,580,11500,7263,13019,571
420,2011-10-06,Scarborough—Rouge River,85338,36390,580,6837,15237,13088,455
421,2016-11-17,Niagara West—Glanbrook,102076,32718,200,17652,4997,8159,892
422,2014-06-12,Niagara West—Glanbrook,97201,55902,200,23378,4997,12423,3004
423,2011-10-06,Niagara West—Glanbrook,89489,48906,200,24919,12708,9070,1372
424,2014-06-12,Ajax—Pickering,103629,51420,,14999,,8274,1589
425,2011-10-06,Ajax—Pickering,92745,41418,,14718,19606,5952,843
426,2014-06-12,Ancaster—Dundas—Flamborough—Westdale,92833,53959,,18252,,8415,2639
427,2011-10-06,Ancaster—Dundas—Flamborough—Westdale,88080,49543,,17132,21648,8521,1477
428,2014-06-12,Barrie,101169,48942,,17667,,7975,3018
429,2011-10-06,Barrie,94114,43110,,17527,15006,8171,1909
430,2014-06-12,Bramalea—Gore—Malton,119534,53072,,9403,,23519,2277
431,2011-10-06,Bramalea—Gore—Malton,107820,43572,491,9896,14349,16626,1091
432,2014-06-12,Brampton—Springdale,94424,42250,,10117,,13513,1311
433,2011-10-06,Brampton—Springdale,87543,35257,,12890,15663,5378,900
434,2014-06-12,Brant,99564,51544,,15447,,13992,2095
435,2011-10-06,Brant,94717,45484,244,15761,16867,11006,957
436,2014-06-12,Carleton—Mississippi Mills,116047,64420,,30590,,8744,4614
437,2011-10-06,Carleton—Mississippi Mills,105368,56167,,28246,19144,6371,1857
438,2014-06-12,Chatham—Kent—Essex,74559,37490,,14183,,11664,1971
439,2011-10-06,Chatham—Kent—Essex,73727,36194,,15121,11631,8415,1027
440,2014-06-12,Halton,149633,75299,,27937,,9758,2618
441,2011-10-06,Halton,128643,58981,,26228,23080,7757,1286
442,2014-06-12,Kitchener—Waterloo,100972,54860,,14450,,20536,2859
443,2012-09-06,Kitchener—Waterloo,99544,46653,77,14851,11194,18599,1525
444,2011-10-06,Kitchener—Waterloo,98268,49499,316,21665,17837,8250,1308
445,2014-06-12,Lanark—Frontenac—Lennox and Addington,94674,50470,,21966,,10184,3283
446,2011-10-06,Lanark—Frontenac—Lennox and Addington,89150,44805,,22457,12490,8104,1754
447,2014-06-12,Leeds—Grenville,79415,41472,,23253,,7219,2030
448,2011-10-06,Leeds—Grenville,75797,38229,,24314,6663,5822,1319
449,2010-03-04,Leeds—Grenville,76053,27759,,18510,5573,1417,2130
450,2014-06-12,Mississauga—Brampton South,101010,41323,351,11251,,6906,1302
451,2011-10-06,Mississauga—Brampton South,93563,33840,616,10287,15579,5420,1247
452,2014-06-12,Mississauga—Erindale,111690,51764,,15474,,7730,1216
453,2011-10-06,Mississauga—Erindale,104254,45643,,16294,20552,7768,853
454,2014-06-12,Mississauga South,82480,43719,,14514,,4649,1418
455,2011-10-06,Mississauga South,78746,40179,,14499,20375,4044,860
456,2014-06-12,Nepean—Carleton,120669,66073,,30901,,8628,3630
457,2011-10-06,Nepean—Carleton,110662,55037,,29985,14844,8127,1641
458,2014-06-12,Northumberland—Quinte West,98945,54496,,19583,,9211,2283
459,2011-10-06,Northumberland—Quinte West,93720,48439,159,19279,18572,8589,1483
460,2014-06-12,Oak Ridges—Markham,177255,80755,,30256,,9355,2791
461,2011-10-06,Oak Ridges—Markham,151959,64486,484,23950,28878,8548,1569
462,2014-06-12,Ottawa—Orléans,95258,55905,,18525,,5022,2036
463,2011-10-06,Ottawa—Orléans,89726,47062,,19003,21857,4979,886
464,2014-06-12,Peterborough,94167,53331,395,15907,,9728,2287
465,2011-10-06,Peterborough,91908,48658,395,15323,19430,12460,1235
466,2014-06-12,Pickering—Scarborough East,82518,44662,,12638,,6600,1564
467,2011-10-06,Pickering—Scarborough East,78835,39006,,13033,18201,6424,1096
468,2014-06-12,Prince Edward—Hastings,90761,46218,,19281,,8829,2448
469,2011-10-06,Prince Edward—Hastings,86304,44503,,18816,15686,7379,2049
470,2014-06-12,St. Paul's,88905,50261,,12037,,5056,2569
471,2011-10-06,St. Paul's,85451,42897,,8972,25048,7124,1180
472,2014-06-12,Timmins—James Bay,51398,22972,,5226,,11756,403
473,2011-10-06,Timmins—James Bay,49723,23205,,8515,2870,11479,233
474,2014-06-12,Trinity—Spadina,117804,57434,,8035,,17442,4033
475,2011-10-06,Trinity—Spadina,109565,46906,,5420,18731,19870,2415
476,2014-06-12,Vaughan,136426,60269,,16979,,6942,1350
477,2012-09-06,Vaughan,126323,32060,118,10674,16469,3647,564
478,2011-10-06,Vaughan,121154,49367,169,15420,26174,5594,694
479,2014-06-12,Welland,87263,45653,,12933,,21326,1874
480,2011-10-06,Welland,85141,43723,,14048,8638,19527,1005
481,2014-06-12,York West,61054,25494,111,2794,,9997,418
482,2011-10-06,York West,58255,22688,89,2735,11455,7901,287
